VideoName,UserIndex,epochCNN,epochRL
1-4-Conan Weird Al,1,10,10
running time,epochs,FirstLoss,FinalLoss
0.48,0.36666666666666664,0.6111111111111112,9.0,25
3.312148332595825,10,0.691929042339325,0.6736586093902588
0.57,0.475,0.7125,10.0,25
0.08400392532348633,10,0.6719688177108765,0.6726987957954407
0.49,0.475,0.59375,12.0,25
0.08600234985351562,10,0.6738232970237732,0.6747506856918335
0.55,0.5916666666666667,0.6339285714285714,14.0,25
0.08345746994018555,10,0.6729716658592224,0.6730984449386597
0.55,0.625,0.625,15.0,25
0.08657050132751465,10,0.6712016463279724,0.6718270778656006
0.57,0.7083333333333334,0.625,17.0,25
0.08100128173828125,10,0.6724258661270142,0.6733464598655701
0.56,0.7333333333333333,0.6111111111111112,18.0,25
0.08900213241577148,10,0.6729975342750549,0.673938512802124
0.59,0.825,0.61875,20.0,25
0.08479595184326172,10,0.6720188856124878,0.6743332147598267
0.57,0.8083333333333333,0.60625,20.0,25
0.0840003490447998,10,0.6729483008384705,0.672889232635498
0.57,0.8083333333333333,0.60625,20.0,25
0.08499932289123535,10,0.6706697940826416,0.6704553961753845
0.57,0.8083333333333333,0.60625,20.0,25
0.08199906349182129,10,0.6703951954841614,0.6729505062103271
0.51,0.7583333333333333,0.56875,20.0,25
0.0882723331451416,10,0.676190972328186,0.6741069555282593
0.56,0.8333333333333334,0.5952380952380952,21.0,25
0.0839996337890625,10,0.6742355823516846,0.6491928696632385
0.8,1.0,0.75,20.0,25
0.08200430870056152,10,0.6455262899398804,0.4583395719528198
0.8,1.0,0.75,20.0,25
0.08299851417541504,10,0.44952014088630676,0.347513884305954
0.8,1.0,0.75,20.0,25
0.08194231986999512,10,0.34508609771728516,0.1830274760723114
0.795,1.0,0.74375,20.0,25
0.08699941635131836,10,0.2728053033351898,0.13749903440475464
0.79,1.0,0.7375,20.0,25
0.09100031852722168,10,0.1684257835149765,0.08921097964048386
0.785,1.0,0.73125,20.0,25
0.08999991416931152,10,0.13618671894073486,0.05931796506047249
0.78,1.0,0.725,20.0,25
0.08980774879455566,10,0.06336035579442978,0.03944914788007736
0.775,1.0,0.71875,20.0,25
0.09000015258789062,10,0.2897334694862366,0.03848462551832199
0.77,1.0,0.7125,20.0,25
0.09000039100646973,10,0.044693756848573685,0.02415819652378559
0.765,1.0,0.70625,20.0,25
0.08399820327758789,10,0.01803278736770153,0.01750566065311432
0.76,1.0,0.7,20.0,25
0.08330917358398438,10,0.006745204795151949,0.00040893140248954296
0.76,1.0,0.7,20.0,25
0.08300113677978516,10,0.0006219306378625333,1.9090612113359384e-05
0.76,1.0,0.7,20.0,25
0.09100198745727539,10,0.0008160537690855563,2.708327338041272e-05
0.76,1.0,0.7,20.0,25
0.09699726104736328,10,0.00023390620481222868,2.2243464627536014e-05
0.76,1.0,0.7,20.0,25
0.08744382858276367,10,0.0458235926926136,0.054049886763095856
0.75,1.0,0.6875,20.0,25
0.08100318908691406,10,0.1457667350769043,0.04358619824051857
0.74,1.0,0.675,20.0,25
0.08200407028198242,10,0.09433504194021225,0.053719330579042435
0.73,1.0,0.6625,20.0,25
0.08400177955627441,10,0.12858161330223083,0.05476917698979378
0.72,1.0,0.65,20.0,25
0.09326934814453125,10,0.06753484904766083,0.05156086012721062
0.71,1.0,0.6375,20.0,25
0.0820009708404541,10,0.04938638582825661,0.05536457896232605
0.7,1.0,0.625,20.0,25
0.08899903297424316,10,0.054440196603536606,0.044802047312259674
0.7,1.0,0.625,20.0,25
0.08500123023986816,10,0.04899735003709793,0.04284386709332466
0.7,1.0,0.625,20.0,25
0.09386420249938965,10,0.04415004700422287,0.04417842999100685
0.71,1.0,0.6375,20.0,25
0.08561015129089355,10,0.05790448188781738,0.05573943257331848
0.72,1.0,0.65,20.0,25
0.08500289916992188,10,0.06340055167675018,0.0539960116147995
0.73,1.0,0.6625,20.0,25
0.08400106430053711,10,0.05342371016740799,0.0533047616481781
0.74,1.0,0.675,20.0,25
0.08861970901489258,10,0.04647685959935188,0.04428448528051376
0.75,1.0,0.6875,20.0,25
0.09456396102905273,10,0.03250395879149437,0.029184667393565178
0.755,1.0,0.69375,20.0,25
0.08299827575683594,10,0.2356661558151245,0.061009470373392105
0.75,1.0,0.6875,20.0,25
0.08999967575073242,10,0.06818094104528427,0.034212876111269
0.745,1.0,0.68125,20.0,25
0.08828258514404297,10,0.03425503894686699,0.03591965511441231
0.74,1.0,0.675,20.0,25
0.08456254005432129,10,0.031763553619384766,0.027594096958637238
0.735,1.0,0.66875,20.0,25
0.08999943733215332,10,0.02816225029528141,0.03052339516580105
0.73,1.0,0.6625,20.0,25
0.08999943733215332,10,0.032695554196834564,0.023449473083019257
0.725,1.0,0.65625,20.0,25
0.08331608772277832,10,0.019278371706604958,0.01645788550376892
0.72,1.0,0.65,20.0,25
0.09359145164489746,10,0.0031455124262720346,9.235610195901245e-05
0.72,1.0,0.65,20.0,25
0.08399701118469238,10,6.505523924715817e-05,0.09209882467985153
0.725,1.0,0.65625,20.0,25
0.08499884605407715,10,1.0569623708724976,0.14100946485996246
0.73,1.0,0.6625,20.0,25
0.08660626411437988,10,0.17802055180072784,0.06915868073701859
0.735,1.0,0.66875,20.0,25
0.09154438972473145,10,0.06375285983085632,0.025450322777032852
0.74,1.0,0.675,20.0,25
0.08300137519836426,10,0.034336160868406296,0.04937349259853363
0.745,1.0,0.68125,20.0,25
0.08499789237976074,10,0.055084846913814545,0.03490787744522095
0.75,1.0,0.6875,20.0,25
0.09099769592285156,10,0.027056457474827766,0.02447310835123062
0.755,1.0,0.69375,20.0,25
0.08262777328491211,10,0.021040745079517365,0.015232655219733715
0.76,1.0,0.7,20.0,25
0.08199834823608398,10,0.004594139289110899,0.00026243465254083276
0.76,1.0,0.7,20.0,25
0.08500075340270996,10,0.00017923148698173463,1.0247985301248264e-05
0.76,1.0,0.7,20.0,25
0.08300065994262695,10,1.26024233395583e-05,1.5318363466576557e-07
0.76,1.0,0.7,20.0,25
0.0835726261138916,10,3.731234414772189e-07,5.185600571167015e-08
0.76,1.0,0.7,20.0,25
0.08900070190429688,10,2.682207700388517e-08,1.8775357091271871e-07
0.755,1.0,0.69375,20.0,25
0.09099721908569336,10,0.0800163522362709,0.022531595081090927
0.75,1.0,0.6875,20.0,25
0.09299969673156738,10,0.020477065816521645,0.025269703939557076
0.745,1.0,0.68125,20.0,25
0.0915534496307373,10,0.03430967032909393,0.027360310778021812
0.74,1.0,0.675,20.0,25
0.09199857711791992,10,0.030261093750596046,0.029194919392466545
0.735,1.0,0.66875,20.0,25
0.08999919891357422,10,0.04022519290447235,0.031943775713443756
0.73,1.0,0.6625,20.0,25
0.08500289916992188,10,1.0750434398651123,0.22838836908340454
0.725,1.0,0.65625,20.0,25
0.08254694938659668,10,0.30969905853271484,0.20514120161533356
0.72,1.0,0.65,20.0,25
0.0899970531463623,10,0.20245465636253357,0.12989675998687744
0.72,1.0,0.65,20.0,25
0.08500051498413086,10,0.12882284820079803,0.10725316405296326
0.72,1.0,0.65,20.0,25
0.09199666976928711,10,0.1044217050075531,0.10942254215478897
0.72,1.0,0.65,20.0,25
0.09000062942504883,10,0.057212915271520615,0.026163890957832336
0.72,1.0,0.65,20.0,25
0.09000110626220703,10,0.017282167449593544,0.002875225618481636
0.72,1.0,0.65,20.0,25
0.08100080490112305,10,0.0021750167943537235,0.00039233124698512256
0.725,1.0,0.65625,20.0,25
0.08406329154968262,10,0.04466644302010536,0.02182149700820446
0.73,1.0,0.6625,20.0,25
0.08499908447265625,10,0.04889281839132309,0.03630846366286278
0.735,1.0,0.66875,20.0,25
0.08500242233276367,10,0.03835305571556091,0.03755279630422592
0.74,1.0,0.675,20.0,25
0.08900308609008789,10,0.03667404502630234,0.02583281695842743
0.745,1.0,0.68125,20.0,25
0.08800268173217773,10,0.03593666851520538,0.028192419558763504
0.75,1.0,0.6875,20.0,25
0.082000732421875,10,0.038381900638341904,0.02652576193213463
0.755,1.0,0.69375,20.0,25
0.09100055694580078,10,0.021346276625990868,0.01931854896247387
0.76,1.0,0.7,20.0,25
0.08700203895568848,10,0.007113635074347258,0.0017698146402835846
0.76,1.0,0.7,20.0,25
0.08300042152404785,10,0.0011813496239483356,0.00024270254652947187
0.76,1.0,0.7,20.0,25
0.0839998722076416,10,0.00020979437977075577,0.00010750057845143601
0.76,1.0,0.7,20.0,25
0.0890052318572998,10,0.00013806363858748227,7.194826321210712e-05
0.76,1.0,0.7,20.0,25
0.08200240135192871,10,6.502485484816134e-05,3.1881478207651526e-05
0.765,1.0,0.70625,20.0,25
0.08500099182128906,10,0.04536845162510872,0.030359337106347084
0.77,1.0,0.7125,20.0,25
0.09100127220153809,10,0.04677801579236984,0.029689984396100044
0.775,1.0,0.71875,20.0,25
0.08499670028686523,10,0.03411775454878807,0.02708134427666664
0.78,1.0,0.725,20.0,25
0.08500432968139648,10,0.030977578833699226,0.02928333729505539
0.785,1.0,0.73125,20.0,25
0.09500312805175781,10,0.03491378203034401,0.03314947709441185
0.79,1.0,0.7375,20.0,25
0.0820004940032959,10,0.03156078979372978,0.023931561037898064
0.795,1.0,0.74375,20.0,25
0.0899968147277832,10,0.016205696389079094,0.01668299175798893
0.8,1.0,0.75,20.0,25
0.0859994888305664,10,0.9931308031082153,0.011811749078333378
0.8,1.0,0.75,20.0,25
0.0820014476776123,10,0.026104094460606575,0.008094592951238155
0.79,1.0,0.7375,20.0,25
0.082000732421875,10,0.4626386761665344,0.05558815971016884
0.78,1.0,0.725,20.0,25
0.0859987735748291,10,0.09684377908706665,0.05684268847107887
0.77,1.0,0.7125,20.0,25
0.09100079536437988,10,0.08704870194196701,0.0738295465707779
0.76,1.0,0.7,20.0,25
0.09099841117858887,10,0.1518440544605255,0.07213956862688065
0.75,1.0,0.6875,20.0,25
0.0859982967376709,10,0.08901966363191605,0.06135131046175957
0.74,1.0,0.675,20.0,25
0.08999991416931152,10,0.05240101367235184,0.049313731491565704
0.73,1.0,0.6625,20.0,25
0.0879981517791748,10,0.03562569245696068,0.028826750814914703
0.72,1.0,0.65,20.0,25
0.08500099182128906,10,0.012551475316286087,0.0006101922481320798
0.72,1.0,0.65,20.0,25
0.09200167655944824,10,0.00085299281636253,2.009447052842006e-05
0.72,1.0,0.65,20.0,25
0.09099769592285156,10,5.066300218459219e-05,4.2961864892276935e-06
0.715,1.0,0.64375,20.0,25
0.08900070190429688,10,0.08208376914262772,0.025945613160729408
0.71,1.0,0.6375,20.0,25
0.0820004940032959,10,0.03639871999621391,0.03572647646069527
0.705,1.0,0.63125,20.0,25
0.09000825881958008,10,0.04561233893036842,0.03364177793264389
0.7,1.0,0.625,20.0,25
0.09099960327148438,10,0.03824783116579056,0.03405793756246567
0.695,1.0,0.61875,20.0,25
0.08600616455078125,10,0.028168193995952606,0.029719293117523193
0.695,1.0,0.61875,20.0,25
0.08899998664855957,10,0.032724760472774506,0.029606053605675697
0.695,1.0,0.61875,20.0,25
0.08900189399719238,10,0.030245965346693993,0.02980765886604786
0.695,1.0,0.61875,20.0,25
0.09000205993652344,10,0.028412509709596634,0.02563467063009739
0.7,1.0,0.625,20.0,25
0.08600306510925293,10,0.0321272648870945,0.028341956436634064
0.705,1.0,0.63125,20.0,25
0.08299636840820312,10,0.031223749741911888,0.029309289529919624
0.71,1.0,0.6375,20.0,25
0.08799934387207031,10,0.02700403891503811,0.02194344438612461
0.705,1.0,0.63125,20.0,25
0.0839998722076416,10,0.1706230491399765,0.06725572794675827
0.7,1.0,0.625,20.0,25
0.08899950981140137,10,0.0799209326505661,0.057848263531923294
0.69,1.0,0.6125,20.0,25
0.09200119972229004,10,0.07392659038305283,0.0598633773624897
0.68,1.0,0.6,20.0,25
0.08899903297424316,10,0.06971760839223862,0.061766523867845535
0.67,1.0,0.5875,20.0,25
0.08300161361694336,10,0.07092157006263733,0.053617335855960846
0.74,1.0,0.6388888888888888,18.0,25
0.08700180053710938,10,0.05109540373086929,0.0423755869269371
0.73,1.0,0.625,18.0,25
0.09600067138671875,10,0.03537841513752937,0.03432580828666687
0.72,1.0,0.6111111111111112,18.0,25
0.08899998664855957,10,0.008842093870043755,0.00033615142456255853
0.72,1.0,0.6111111111111112,18.0,25
0.08500051498413086,10,0.0002068944158963859,1.6263129509752616e-05
0.72,1.0,0.6111111111111112,18.0,25
0.0819997787475586,10,1.5585910659865476e-05,6.518529062304879e-06
0.72,1.0,0.6111111111111112,18.0,25
0.09100103378295898,10,1.3126808880770113e-05,2.134391934305313e-06
0.72,1.0,0.6111111111111112,18.0,25
0.08400392532348633,10,8.107045687211212e-06,3.923492840840481e-06
0.72,1.0,0.6111111111111112,18.0,25
0.0819997787475586,10,4.5669985411223024e-05,4.626067493518349e-06
0.72,1.0,0.6111111111111112,18.0,25
0.08300304412841797,10,0.00011754947627196088,2.418123131064931e-06
0.725,0.989010989010989,0.625,18.0,25
0.08900165557861328,10,0.4743229150772095,0.5816813111305237
0.73,0.9787234042553191,0.6388888888888888,18.0,25
0.08300209045410156,10,0.5503373146057129,0.39401236176490784
0.74,0.9791666666666666,0.6527777777777778,18.0,25
0.08299994468688965,10,0.3826489746570587,0.1976904422044754
0.75,0.9795918367346939,0.6666666666666666,18.0,25
0.09099912643432617,10,0.16742046177387238,0.09212979674339294
0.78,1.0,0.6944444444444444,18.0,25
0.08400082588195801,10,0.09670386463403702,0.07530778646469116
0.775,1.0,0.6875,18.0,25
0.09099912643432617,10,0.29382944107055664,0.17360280454158783
0.77,1.0,0.6805555555555556,18.0,25
0.08700227737426758,10,0.19680635631084442,0.15717783570289612
0.765,1.0,0.6736111111111112,18.0,25
0.08500170707702637,10,0.16310757398605347,0.13047417998313904
0.745,1.0,0.6458333333333334,18.0,25
0.08899974822998047,10,0.15664459764957428,0.1396886259317398
0.725,1.0,0.6180555555555556,18.0,25
0.08485245704650879,10,0.14927566051483154,0.11307637393474579
0.71,1.0,0.5972222222222222,18.0,25
0.08999824523925781,10,0.12787407636642456,0.12099214643239975
0.74,1.0,0.6176470588235294,17.0,25
0.08442020416259766,10,0.13860133290290833,0.08360818773508072
0.73,1.0,0.6029411764705882,17.0,25
0.0840003490447998,10,0.06875807046890259,0.04859618842601776
0.725,1.0,0.5955882352941176,17.0,25
0.0819997787475586,10,0.23753803968429565,0.08112350106239319
0.76,0.9615384615384616,0.625,15.0,25
0.08799886703491211,10,0.48029282689094543,0.15663138031959534
0.775,1.0,0.625,15.0,25
0.09527945518493652,10,0.20574815571308136,0.14677909016609192
0.76,1.0,0.6,15.0,25
0.0839998722076416,10,0.16415977478027344,0.11555521935224533
0.735,0.9855072463768116,0.5666666666666667,15.0,25
0.08799958229064941,10,0.231349378824234,0.12960109114646912
0.77,1.0,0.5892857142857143,14.0,25
0.08600163459777832,10,0.2192351222038269,0.11678382754325867
0.83,1.0,0.6458333333333334,12.0,25
0.08319997787475586,10,0.12770985066890717,0.09150850027799606
0.81,0.9833333333333333,0.6145833333333334,12.0,25
0.08456182479858398,10,0.16122539341449738,0.11080627143383026
0.8,0.9666666666666667,0.6041666666666666,12.0,25
0.09200525283813477,10,0.1285032480955124,0.1058661937713623
0.83,1.0,0.6458333333333334,12.0,25
0.08300113677978516,10,0.12789799273014069,0.11211098730564117
0.84,1.0,0.6666666666666666,12.0,25
0.08530497550964355,10,0.14840167760849,0.11821776628494263
0.855,0.9855072463768116,0.7083333333333334,12.0,25
0.0915522575378418,10,0.16892224550247192,0.15056027472019196
0.88,0.9864864864864865,0.7604166666666666,12.0,25
0.0879969596862793,10,0.16820283234119415,0.15044906735420227
0.91,1.0,0.8125,12.0,25
0.08499860763549805,10,0.16571271419525146,0.15508995950222015
0.93,1.0,0.8541666666666666,12.0,25
0.08651542663574219,10,0.14356377720832825,0.11507190763950348
0.94,1.0,0.875,12.0,25
0.08455443382263184,10,0.12655766308307648,0.1208018884062767
0.95,1.0,0.8958333333333334,12.0,25
0.0930025577545166,10,0.12152574211359024,0.10357189923524857
0.96,1.0,0.9166666666666666,12.0,25
0.08700037002563477,10,0.08357354998588562,0.07360931485891342
0.97,1.0,0.9375,12.0,25
0.09141182899475098,10,0.03940490633249283,0.028977401554584503
0.96,0.9888888888888889,0.9270833333333334,12.0,25
0.08555388450622559,10,0.03393573686480522,0.04918455705046654
0.96,0.9888888888888889,0.9270833333333334,12.0,25
0.0840005874633789,10,0.03603805601596832,0.023106394335627556
0.975,1.0,0.9479166666666666,12.0,25
0.0910043716430664,10,0.03135719895362854,0.030108407139778137
0.98,1.0,0.9583333333333334,12.0,25
0.08342289924621582,10,0.02966616302728653,0.027874359861016273
0.985,1.0,0.96875,12.0,25
0.08760738372802734,10,0.025765560567378998,0.02766835130751133
0.99,1.0,0.9791666666666666,12.0,25
0.09099936485290527,10,0.021832363680005074,0.023141855373978615
0.995,1.0,0.9895833333333334,12.0,25
0.0859987735748291,10,0.02088766172528267,0.015329658053815365
1.0,1.0,1.0,12.0,25
0.08299779891967773,10,0.009088076651096344,0.00010836916044354439
1.0,1.0,1.0,12.0,25
0.08957505226135254,10,5.5212432926055044e-05,3.0563365726266056e-05
1.0,1.0,1.0,12.0,25
0.09000182151794434,10,1.1584610547288321e-05,1.5527208233834244e-05
1.0,1.0,1.0,12.0,25
0.09599924087524414,10,1.597332266101148e-05,9.7446582003613e-06
1.0,1.0,1.0,12.0,25
0.0879974365234375,10,8.103696018224582e-05,1.926853474287782e-05
1.0,1.0,1.0,12.0,25
0.08757853507995605,10,1.4902084330969956e-05,1.3730572391068563e-05
1.0,1.0,1.0,12.0,25
0.08400416374206543,10,9.314004273619503e-06,7.398706657113507e-06
1.0,1.0,1.0,12.0,25
0.08499956130981445,10,7.67009532864904e-06,4.018411345896311e-06
1.0,1.0,1.0,12.0,25
0.08199882507324219,10,5.615936970571056e-06,3.3198850815097103e-06
1.0,1.0,1.0,12.0,25
0.09055900573730469,10,3.5206558095524088e-06,3.1041502097650664e-06
1.0,1.0,1.0,12.0,25
0.08555436134338379,10,3.107081283815205e-06,2.472885853421758e-06
1.0,1.0,1.0,12.0,25
0.0875694751739502,10,1.3365020095079672e-05,7.113513220247114e-06
1.0,1.0,1.0,12.0,25
0.08300065994262695,10,5.08105949847959e-06,3.2680050026101526e-06
1.0,1.0,1.0,12.0,25
0.08899879455566406,10,3.6986570194130763e-05,2.8567883418872952e-06
1.0,1.0,1.0,12.0,25
0.09599947929382324,10,5.998469532642048e-06,3.448050392762525e-06
0.99,0.9795918367346939,1.0,12.0,25
0.09000086784362793,10,0.1787690669298172,0.028546519577503204
0.98,0.96,1.0,12.0,25
0.08899903297424316,10,0.04601150378584862,0.043896254152059555
0.965,0.9405940594059405,0.9895833333333334,12.0,25
0.08499979972839355,10,0.11531563103199005,0.06755829602479935
0.95,0.9215686274509803,0.9791666666666666,12.0,25
0.08800101280212402,10,0.0881713405251503,0.08270598202943802
0.935,0.9029126213592233,0.96875,12.0,25
0.08300304412841797,10,0.0804896131157875,0.07919974625110626
0.92,0.8846153846153846,0.9583333333333334,12.0,25
0.08600306510925293,10,0.08468345552682877,0.06972057372331619
0.945,0.9047619047619048,0.9895833333333334,12.0,25
0.08199620246887207,10,0.06307166069746017,0.06303002685308456
0.95,0.9056603773584906,1.0,12.0,25
0.09200143814086914,10,0.03527642413973808,0.023725485429167747
0.955,0.9142857142857143,1.0,12.0,25
0.08500242233276367,10,0.016665322706103325,0.019409578293561935
0.96,0.9230769230769231,1.0,12.0,25
0.08196139335632324,10,0.002769634360447526,0.0009244177490472794
0.91,0.875,0.9479166666666666,12.0,25
0.09000182151794434,10,1.027724027633667,0.08329303562641144
0.79,0.7596153846153846,0.8229166666666666,12.0,25
0.08499979972839355,10,0.8724698424339294,0.2322770655155182
0.875,0.9223300970873787,0.8482142857142857,14.0,25
0.09199643135070801,10,0.20708493888378143,0.09003473073244095
0.95,1.0,0.9107142857142857,14.0,25
0.08900117874145508,10,0.09199119359254837,0.042273517698049545
0.945,1.0,0.9017857142857143,14.0,25
0.08499979972839355,10,0.04023538902401924,0.02685660310089588
0.94,1.0,0.8928571428571429,14.0,25
0.08800196647644043,10,0.03081042505800724,0.028612256050109863
0.935,1.0,0.8839285714285714,14.0,25
0.08699989318847656,10,0.02837832272052765,0.025438988581299782
0.93,1.0,0.875,14.0,25
0.08500075340270996,10,0.0261232927441597,0.02458847500383854
0.925,1.0,0.8660714285714286,14.0,25
0.09001040458679199,10,0.015716319903731346,0.0126827796921134
0.92,1.0,0.8571428571428571,14.0,25
0.08500146865844727,10,0.006297084502875805,0.0023007362615317106
0.91,1.0,0.8392857142857143,14.0,25
0.08300161361694336,10,0.1138634979724884,0.08604564517736435
0.9,1.0,0.8214285714285714,14.0,25
0.08099746704101562,10,0.08640438318252563,0.07863914221525192
0.89,1.0,0.8035714285714286,14.0,25
0.08900260925292969,10,0.07658443599939346,0.056076180189847946
0.88,1.0,0.7857142857142857,14.0,25
0.0840005874633789,10,0.06416234374046326,0.06753210723400116
0.87,1.0,0.7678571428571429,14.0,25
0.08299803733825684,10,0.052285823971033096,0.052459415048360825
0.86,1.0,0.75,14.0,25
0.0840001106262207,10,0.05800721049308777,0.051861587911844254
0.85,1.0,0.7321428571428571,14.0,25
0.08400249481201172,10,0.037177760154008865,0.03257918730378151
0.84,1.0,0.7142857142857143,14.0,25
0.08299994468688965,10,0.007132318802177906,0.0005674597341567278
0.84,1.0,0.7142857142857143,14.0,25
0.08899855613708496,10,0.000591038609854877,0.0002362072264077142
0.84,1.0,0.7142857142857143,14.0,25
0.09000110626220703,10,4.809500023839064e-05,7.29218027117895e-06
0.855,1.0,0.7410714285714286,14.0,25
0.08400177955627441,10,0.19641979038715363,0.042823947966098785
0.87,1.0,0.7678571428571429,14.0,25
0.08699870109558105,10,0.07397428154945374,0.07154467701911926
0.885,1.0,0.7946428571428571,14.0,25
0.08300137519836426,10,0.0822141170501709,0.08220440149307251
0.9,1.0,0.8214285714285714,14.0,25
0.0859994888305664,10,0.0866597592830658,0.08578607439994812
0.915,1.0,0.8482142857142857,14.0,25
0.09100008010864258,10,0.08350943773984909,0.08736774325370789
0.93,1.0,0.875,14.0,25
0.08800292015075684,10,0.06801209598779678,0.07328620553016663
0.945,1.0,0.9017857142857143,14.0,25
0.08599996566772461,10,0.04423314705491066,0.050840310752391815
0.96,1.0,0.9285714285714286,14.0,25
0.09300780296325684,10,0.018942855298519135,0.0001969368604477495
0.94,1.0,0.8928571428571429,14.0,25
0.08100342750549316,10,0.4198911190032959,0.08965244144201279
0.92,1.0,0.8571428571428571,14.0,25
0.08200454711914062,10,0.13803629577159882,0.12064505368471146
0.9,1.0,0.8214285714285714,14.0,25
0.08300280570983887,10,0.1712406575679779,0.13866479694843292
0.88,1.0,0.7857142857142857,14.0,25
0.08500123023986816,10,0.1652350276708603,0.1396600306034088
0.86,1.0,0.75,14.0,25
0.09000182151794434,10,0.15177235007286072,0.12463578581809998
0.84,1.0,0.7142857142857143,14.0,25
0.0839993953704834,10,0.13185876607894897,0.09345784783363342
0.82,1.0,0.6785714285714286,14.0,25
0.08585047721862793,10,0.07665977627038956,0.0645715743303299
0.785,1.0,0.6160714285714286,14.0,25
0.08955645561218262,10,0.2182234525680542,0.07472117245197296
0.77,1.0,0.5892857142857143,14.0,25
0.0839991569519043,10,0.12463392317295074,0.08837446570396423
0.835,1.0,0.65625,12.0,25
0.08399677276611328,10,0.11691784858703613,0.08962046355009079
0.82,1.0,0.625,12.0,25
0.08954620361328125,10,0.09522537887096405,0.08143652230501175
0.795,0.9661016949152542,0.59375,12.0,25
0.08866691589355469,10,1.1321299076080322,0.22903086245059967
0.87,0.9655172413793104,0.7,10.0,25
0.08800196647644043,10,0.21183174848556519,0.13358229398727417
0.865,0.9344262295081968,0.7125,10.0,25
0.08300018310546875,10,0.1818326711654663,0.1578465700149536
0.87,0.921875,0.7375,10.0,25
0.08777976036071777,10,0.16825254261493683,0.15311944484710693
0.89,0.9142857142857143,0.8,10.0,25
0.08855581283569336,10,0.1821947693824768,0.1604582667350769
0.9,0.8947368421052632,0.85,10.0,25
0.08299946784973145,10,0.1723087728023529,0.1517561376094818
0.91,0.8780487804878049,0.9,10.0,25
0.08699727058410645,10,0.14856724441051483,0.14032918214797974
0.92,0.8636363636363636,0.95,10.0,25
0.08359408378601074,10,0.11621968448162079,0.09962031990289688
0.92,0.8478260869565217,0.975,10.0,25
0.08675527572631836,10,0.06986106932163239,0.06570522487163544
0.92,0.8333333333333334,1.0,10.0,25
0.0840005874633789,10,0.014733300544321537,0.0011200919980183244
0.92,0.8333333333333334,1.0,10.0,25
0.09000205993652344,10,0.0013610613532364368,4.098915451322682e-05
0.915,0.8247422680412371,1.0,10.0,25
0.08245992660522461,10,0.0916745737195015,0.019324325025081635
0.91,0.8163265306122449,1.0,10.0,25
0.09360814094543457,10,0.05864180251955986,0.04092125967144966
0.905,0.8080808080808081,1.0,10.0,25
0.08699989318847656,10,0.04652656614780426,0.027722734957933426
0.9,0.8061224489795918,0.9875,10.0,25
0.09200119972229004,10,0.08798132091760635,0.06948283314704895
0.91,0.8229166666666666,0.9875,10.0,25
0.08533978462219238,10,0.1190345510840416,0.09986340254545212
0.91,0.8297872340425532,0.975,10.0,25
0.08955764770507812,10,0.12160461395978928,0.1012071892619133
0.92,0.8478260869565217,0.975,10.0,25
0.08300209045410156,10,0.11299001425504684,0.0943947583436966
0.95,0.8888888888888888,1.0,10.0,25
0.0879983901977539,10,0.09081415086984634,0.08965833485126495
0.955,0.898876404494382,1.0,10.0,25
0.08799934387207031,10,0.08762132376432419,0.076305091381073
0.96,0.9090909090909091,1.0,10.0,25
0.08199834823608398,10,0.07766816765069962,0.07904224097728729
0.965,0.9195402298850575,1.0,10.0,25
0.09000325202941895,10,0.07094764709472656,0.07399127632379532
0.96,0.9090909090909091,1.0,10.0,25
0.09099817276000977,10,0.06687155365943909,0.05508046969771385
0.95,0.8888888888888888,1.0,10.0,25
0.08999919891357422,10,0.057561244815588,0.052040208131074905
0.93,0.8666666666666667,0.975,10.0,25
0.08500170707702637,10,0.16805016994476318,0.08555106818675995
0.91,0.8522727272727273,0.9375,10.0,25
0.09099864959716797,10,0.12891170382499695,0.11508748680353165
0.89,0.8372093023255814,0.9,10.0,25
0.08100032806396484,10,0.12472885847091675,0.11485273391008377
0.92,0.8902439024390244,0.9125,10.0,25
0.09099960327148438,10,0.12872669100761414,0.11753706634044647
0.92,0.9102564102564102,0.8875,10.0,25
0.09300112724304199,10,0.13419164717197418,0.12092141062021255
0.93,0.9342105263157895,0.8875,10.0,25
0.08999919891357422,10,0.1185246929526329,0.10678628087043762
0.92,0.9324324324324325,0.8625,10.0,25
0.08400154113769531,10,0.11696535348892212,0.10491052269935608
0.94,0.9722222222222222,0.875,10.0,25
0.08329129219055176,10,0.09291122108697891,0.08310075849294662
0.96,1.0,0.9,10.0,25
0.0899970531463623,10,0.06749673187732697,0.0635174959897995
0.96,1.0,0.9,10.0,25
0.08899927139282227,10,0.12771697342395782,0.0955183282494545
0.96,1.0,0.9,10.0,25
0.08700180053710938,10,0.10621695220470428,0.09605623036623001
0.96,1.0,0.9,10.0,25
0.08500099182128906,10,0.09790488332509995,0.0897815153002739
0.96,1.0,0.9,10.0,25
0.08900046348571777,10,0.08540663123130798,0.06700649112462997
0.95,1.0,0.875,10.0,25
0.08300447463989258,10,0.06679503619670868,0.05882875993847847
0.94,1.0,0.85,10.0,25
0.08799982070922852,10,0.053037744015455246,0.04014015570282936
0.93,1.0,0.825,10.0,25
0.0840001106262207,10,0.03384550288319588,0.0291514303535223
0.92,1.0,0.8,10.0,25
0.08900022506713867,10,0.007811678107827902,0.0002676902513485402
0.92,1.0,0.8,10.0,25
0.09000015258789062,10,0.00023069516464602202,3.9098878914956003e-05
0.92,1.0,0.8,10.0,25
0.08300089836120605,10,5.651115861837752e-05,1.6582998796366155e-05
0.915,0.9701492537313433,0.8125,10.0,25
0.08200240135192871,10,0.21919286251068115,0.07838597893714905
0.93,0.9714285714285714,0.85,10.0,25
0.08799958229064941,10,0.09089237451553345,0.08303910493850708
0.935,0.958904109589041,0.875,10.0,25
0.09199953079223633,10,0.09790576249361038,0.08086184412240982
0.94,0.9473684210526315,0.9,10.0,25
0.08199620246887207,10,0.08407266438007355,0.08121791481971741
0.945,0.9367088607594937,0.925,10.0,25
0.08999752998352051,10,0.08713947236537933,0.08250823616981506
0.95,0.926829268292683,0.95,10.0,25
0.08799862861633301,10,0.07776615023612976,0.06895299255847931
0.95,0.9069767441860465,0.975,10.0,25
0.08899927139282227,10,0.10484889894723892,0.05846572294831276
0.95,0.8888888888888888,1.0,10.0,25
0.08299827575683594,10,0.05288950353860855,0.0257420651614666
0.945,0.8791208791208791,1.0,10.0,25
0.09200072288513184,10,0.029861047863960266,0.0292526725679636
0.94,0.8695652173913043,1.0,10.0,25
0.08799958229064941,10,0.02775203250348568,0.027189742773771286
0.935,0.8602150537634409,1.0,10.0,25
0.09100222587585449,10,0.02666023001074791,0.02835560403764248
0.93,0.851063829787234,1.0,10.0,25
0.08299851417541504,10,0.025897275656461716,0.02529473789036274
0.925,0.8421052631578947,1.0,10.0,25
0.08700084686279297,10,0.018975676968693733,0.018779268488287926
0.92,0.8333333333333334,1.0,10.0,25
0.08600139617919922,10,0.0033070561476051807,0.00026867343694902956
0.92,0.8333333333333334,1.0,10.0,25
0.08300018310546875,10,0.00022537454788107425,2.572543962742202e-05
0.92,0.8333333333333334,1.0,10.0,25
0.08199524879455566,10,2.6784548026626e-05,2.2121846996014938e-05
0.92,0.8404255319148937,0.9875,10.0,25
0.09100031852722168,10,0.11137604713439941,0.3607281744480133
0.92,0.8555555555555555,0.9625,10.0,25
0.08799982070922852,10,0.18083229660987854,0.14288005232810974
0.92,0.872093023255814,0.9375,10.0,25
0.0950014591217041,10,0.17277757823467255,0.11407289654016495
0.92,0.8902439024390244,0.9125,10.0,25
0.0839989185333252,10,0.12383022159337997,0.11667909473180771
0.93,0.9230769230769231,0.9,10.0,25
0.08400177955627441,10,0.12438423931598663,0.11552507430315018
0.93,0.9342105263157895,0.8875,10.0,25
0.08799982070922852,10,0.11123433709144592,0.10716664046049118
0.95,0.972972972972973,0.9,10.0,25
0.08399796485900879,10,0.09364309906959534,0.09399997442960739
0.96,1.0,0.9,10.0,25
0.09200239181518555,10,0.07030829787254333,0.05786098912358284
0.96,1.0,0.9,10.0,25
0.08399772644042969,10,0.05913993716239929,0.060179177671670914
0.97,1.0,0.925,10.0,25
0.08199954032897949,10,0.07478021830320358,0.0521031990647316
0.87,0.8552631578947368,0.8125,10.0,25
0.0820012092590332,10,1.0292448997497559,0.23504285514354706
0.77,0.717948717948718,0.7,10.0,25
0.08199691772460938,10,0.3820011615753174,0.15537184476852417
0.92,1.0,0.8333333333333334,12.0,25
0.08900070190429688,10,0.17091602087020874,0.08423249423503876
0.92,1.0,0.8333333333333334,12.0,25
0.08499979972839355,10,0.11050378531217575,0.08882076293230057
0.92,1.0,0.8333333333333334,12.0,25
0.0890038013458252,10,0.11470126360654831,0.11014492064714432
0.9,0.975,0.8125,12.0,25
0.08700108528137207,10,0.17010721564292908,0.1168443113565445
0.92,1.0,0.8333333333333334,12.0,25
0.0859994888305664,10,0.1209564208984375,0.10536279529333115
0.92,1.0,0.8333333333333334,12.0,25
0.082000732421875,10,0.11458873748779297,0.09704956412315369
0.91,1.0,0.8125,12.0,25
0.08300232887268066,10,0.08284929394721985,0.09110737591981888
0.9,1.0,0.7916666666666666,12.0,25
0.0916440486907959,10,0.06433703750371933,0.05974126234650612
0.89,1.0,0.7708333333333334,12.0,25
0.08800268173217773,10,0.11672618985176086,0.0638028085231781
0.87,1.0,0.7291666666666666,12.0,25
0.08099842071533203,10,0.17621074616909027,0.10741955786943436
0.86,0.9857142857142858,0.71875,12.0,25
0.09000277519226074,10,0.30349618196487427,0.16433477401733398
0.87,1.0,0.7291666666666666,12.0,25
0.08145666122436523,10,0.14932122826576233,0.12870244681835175
0.87,1.0,0.7291666666666666,12.0,25
0.08200454711914062,10,0.1495215743780136,0.1240539476275444
0.87,1.0,0.7291666666666666,12.0,25
0.0820004940032959,10,0.1498570293188095,0.14115135371685028
0.88,1.0,0.75,12.0,25
0.09000062942504883,10,0.14277231693267822,0.13480304181575775
0.89,1.0,0.7708333333333334,12.0,25
0.08529138565063477,10,0.13345998525619507,0.10242900252342224
0.89,0.9868421052631579,0.78125,12.0,25
0.08157205581665039,10,0.1446750909090042,0.06756153702735901
0.92,1.0,0.8333333333333334,12.0,25
0.08500146865844727,10,0.0712769404053688,0.00917893648147583
0.91,0.9875,0.8229166666666666,12.0,25
0.0819997787475586,10,0.16279321908950806,0.014085487462580204
0.92,1.0,0.8333333333333334,12.0,25
0.08336138725280762,10,0.08037468791007996,0.010912678204476833
0.92,1.0,0.8333333333333334,12.0,25
0.0907599925994873,10,0.01595783792436123,0.0005470579490065575
0.92,1.0,0.8333333333333334,12.0,25
0.08399820327758789,10,0.00039878132520243526,0.000195774991880171
0.91,1.0,0.8125,12.0,25
0.08900022506713867,10,0.19526024162769318,0.06761615723371506
0.9,1.0,0.7916666666666666,12.0,25
0.08329486846923828,10,0.08650238811969757,0.048564959317445755
0.89,1.0,0.7708333333333334,12.0,25
0.08055543899536133,10,0.07028201967477798,0.051525793969631195
0.9,1.0,0.7916666666666666,12.0,25
0.08600139617919922,10,0.14619137346744537,0.09674903750419617
0.91,1.0,0.8125,12.0,25
0.08500170707702637,10,0.11544070392847061,0.09427034109830856
0.92,1.0,0.8333333333333334,12.0,25
0.08125948905944824,10,0.10431823879480362,0.10453323274850845
0.93,1.0,0.8541666666666666,12.0,25
0.08855772018432617,10,0.11638692766427994,0.10774794220924377
0.94,1.0,0.875,12.0,25
0.09100103378295898,10,0.10843320190906525,0.11024830490350723
0.96,1.0,0.9166666666666666,12.0,25
0.08599996566772461,10,0.08673804998397827,0.08755020797252655
0.98,1.0,0.9583333333333334,12.0,25
0.09129214286804199,10,0.061743125319480896,0.05922969430685043
1.0,1.0,1.0,12.0,25
0.08066034317016602,10,0.015689587220549583,0.001327679492533207
1.0,1.0,1.0,12.0,25
0.08400201797485352,10,0.001381411449983716,0.00038623533328063786
1.0,1.0,1.0,12.0,25
0.08900022506713867,10,0.0004379600577522069,4.615476063918322e-05
1.0,1.0,1.0,12.0,25
0.0912630558013916,10,0.00010964900138787925,2.3046253772918135e-05
1.0,1.0,1.0,12.0,25
0.08257699012756348,10,3.5502260288922116e-05,4.327691567596048e-05
1.0,1.0,1.0,12.0,25
0.08199930191040039,10,3.322284828755073e-05,2.583354216767475e-05
1.0,1.0,1.0,12.0,25
0.0859987735748291,10,0.00017140264390036464,8.949802577262744e-05
1.0,1.0,1.0,12.0,25
0.0839989185333252,10,0.0012402512365952134,6.419808778446168e-05
0.95,0.9479166666666666,0.9479166666666666,12.0,25
0.09156560897827148,10,0.2327902913093567,0.03337733820080757
0.945,0.9381443298969072,0.9479166666666666,12.0,25
0.08405470848083496,10,0.12061338126659393,0.02508648857474327
0.995,0.9896907216494846,1.0,12.0,25
0.09000420570373535,10,0.0331169068813324,0.014631603844463825
0.99,0.9895833333333334,0.9895833333333334,12.0,25
0.08451700210571289,10,0.07914029061794281,0.04330163076519966
0.975,0.9690721649484536,0.9791666666666666,12.0,25
0.09055662155151367,10,0.23077714443206787,0.0885547548532486
0.96,0.9489795918367347,0.96875,12.0,25
0.0840001106262207,10,0.10817714780569077,0.09703013300895691
0.945,0.9292929292929293,0.9583333333333334,12.0,25
0.08700037002563477,10,0.11951995640993118,0.10615679621696472
0.93,0.91,0.9479166666666666,12.0,25
0.09100008010864258,10,0.1079135313630104,0.09802239388227463
0.945,0.9207920792079208,0.96875,12.0,25
0.0839986801147461,10,0.09931105375289917,0.09596079587936401
0.955,0.9306930693069307,0.9791666666666666,12.0,25
0.08299851417541504,10,0.0750160664319992,0.07146689295768738
0.945,0.9292929292929293,0.9583333333333334,12.0,25
0.09099793434143066,10,0.2589642405509949,0.1069587990641594
0.94,0.9285714285714286,0.9479166666666666,12.0,25
0.09071683883666992,10,0.11992233246564865,0.07252533733844757
0.945,0.9473684210526315,0.9375,12.0,25
0.08699798583984375,10,0.09149619936943054,0.07694802433252335
0.94,0.9565217391304348,0.9166666666666666,12.0,25
0.08900332450866699,10,0.09679627418518066,0.0785556435585022
0.925,0.945054945054945,0.8958333333333334,12.0,25
0.0839998722076416,10,0.13871483504772186,0.10275059938430786
0.93,0.9555555555555556,0.8958333333333334,12.0,25
0.09200286865234375,10,0.10305008292198181,0.10078488290309906
0.935,0.9770114942528736,0.8854166666666666,12.0,25
0.08700037002563477,10,0.1953844428062439,0.13256119191646576
0.93,0.9880952380952381,0.8645833333333334,12.0,25
0.09000205993652344,10,0.1538965255022049,0.11111759394407272
0.94,1.0,0.875,12.0,25
0.0879983901977539,10,0.12315341085195541,0.12217725813388824
0.94,1.0,0.875,12.0,25
0.08399701118469238,10,0.11330853402614594,0.09906166046857834
0.94,1.0,0.875,12.0,25
0.08299970626831055,10,0.08722373098134995,0.0893050879240036
0.94,1.0,0.875,12.0,25
0.09799671173095703,10,0.06411541253328323,0.047216299921274185
0.93,1.0,0.8541666666666666,12.0,25
0.08700370788574219,10,0.04500602185726166,0.030702641233801842
0.92,1.0,0.8333333333333334,12.0,25
0.08300447463989258,10,0.010375098325312138,0.0019348359201103449
0.92,1.0,0.8333333333333334,12.0,25
0.09255456924438477,10,0.0023476500064134598,0.0003332468040753156
0.92,1.0,0.8333333333333334,12.0,25
0.09100031852722168,10,0.00028762774309143424,0.00019394147966522723
0.93,1.0,0.8541666666666666,12.0,25
0.08599662780761719,10,0.06287147849798203,0.06781668961048126
0.91,0.975609756097561,0.8333333333333334,12.0,25
0.07999873161315918,10,0.14079564809799194,0.09657339751720428
0.93,1.0,0.8541666666666666,12.0,25
0.08499860763549805,10,0.1191614419221878,0.09743234515190125
0.93,1.0,0.8541666666666666,12.0,25
0.09100151062011719,10,0.11567820608615875,0.11802875250577927
0.93,1.0,0.8541666666666666,12.0,25
0.09076547622680664,10,0.11132292449474335,0.11891388148069382
0.93,1.0,0.8541666666666666,12.0,25
0.08202338218688965,10,0.1057664081454277,0.10260473936796188
0.93,1.0,0.8541666666666666,12.0,25
0.08999848365783691,10,0.08406618237495422,0.08219882845878601
0.93,1.0,0.8541666666666666,12.0,25
0.08700060844421387,10,0.04421431943774223,0.03402666375041008
0.92,1.0,0.8333333333333334,12.0,25
0.08199477195739746,10,0.010727835819125175,0.004995675757527351
0.92,1.0,0.8333333333333334,12.0,25
0.08600115776062012,10,0.008556652814149857,0.00040325152804143727
0.92,1.0,0.8333333333333334,12.0,25
0.09100008010864258,10,0.007326866500079632,3.0205210350686684e-05
0.91,1.0,0.8125,12.0,25
0.0820004940032959,10,0.10093328356742859,0.03200645372271538
0.9,1.0,0.7916666666666666,12.0,25
0.08800530433654785,10,0.0597011037170887,0.047372497618198395
0.89,1.0,0.7708333333333334,12.0,25
0.0839998722076416,10,0.056079331785440445,0.054409537464380264
0.88,1.0,0.75,12.0,25
0.08899950981140137,10,0.05863232910633087,0.057126060128211975
0.87,1.0,0.7291666666666666,12.0,25
0.0839989185333252,10,0.05250845104455948,0.05075957626104355
0.855,0.9855072463768116,0.7083333333333334,12.0,25
0.08999824523925781,10,0.10824775695800781,0.06385445594787598
0.86,1.0,0.7083333333333334,12.0,25
0.08600139617919922,10,0.06341962516307831,0.06173292174935341
0.855,1.0,0.6979166666666666,12.0,25
0.09399938583374023,10,0.03655954450368881,0.030102062970399857
0.86,1.0,0.7083333333333334,12.0,25
0.08800101280212402,10,0.032680489122867584,0.028453964740037918
0.865,1.0,0.71875,12.0,25
0.0819997787475586,10,0.027870366349816322,0.030085012316703796
0.87,1.0,0.7291666666666666,12.0,25
0.08899855613708496,10,0.033672984689474106,0.019581202417612076
0.875,1.0,0.7395833333333334,12.0,25
0.09099912643432617,10,0.01712796278297901,0.017769690603017807
0.88,0.9864864864864865,0.7604166666666666,12.0,25
0.08800244331359863,10,0.10416197031736374,0.05007520690560341
0.9,1.0,0.7916666666666666,12.0,25
0.08600211143493652,10,0.0595710426568985,0.04760129749774933
0.91,1.0,0.8125,12.0,25
0.09099960327148438,10,0.06694477796554565,0.06142066419124603
0.915,1.0,0.8229166666666666,12.0,25
0.08899974822998047,10,0.09416455030441284,0.07289684563875198
0.92,1.0,0.8333333333333334,12.0,25
0.09000229835510254,10,0.08224436640739441,0.07363562285900116
0.925,1.0,0.84375,12.0,25
0.09000015258789062,10,0.07876361161470413,0.07501913607120514
0.93,1.0,0.8541666666666666,12.0,25
0.08299899101257324,10,0.0670437291264534,0.06678180396556854
0.935,1.0,0.8645833333333334,12.0,25
0.09100031852722168,10,0.06470458954572678,0.034602969884872437
0.87,0.9375,0.78125,12.0,25
0.09200477600097656,10,0.23162537813186646,0.062068209052085876
0.905,1.0,0.8020833333333334,12.0,25
0.09200096130371094,10,0.16346783936023712,0.06532944738864899
0.89,1.0,0.7708333333333334,12.0,25
0.08660101890563965,10,0.19156257808208466,0.05884783715009689
0.88,1.0,0.75,12.0,25
0.0840001106262207,10,0.08659624308347702,0.05927186831831932
0.87,1.0,0.7291666666666666,12.0,25
0.0859990119934082,10,0.05721829831600189,0.06264545023441315
0.86,1.0,0.7083333333333334,12.0,25
0.08399701118469238,10,0.04392443224787712,0.051087308675050735
0.85,1.0,0.6875,12.0,25
0.08855557441711426,10,0.035706549882888794,0.0346432663500309
0.84,1.0,0.6666666666666666,12.0,25
0.09599947929382324,10,0.011532374657690525,0.0002321345527889207
0.84,1.0,0.6666666666666666,12.0,25
0.09000134468078613,10,0.0005355900502763689,4.135063863941468e-05
0.84,1.0,0.6666666666666666,12.0,25
0.08299946784973145,10,2.3232849343912676e-05,3.101797847193666e-05
0.84,1.0,0.6666666666666666,12.0,25
0.08656740188598633,10,0.04944293200969696,0.007433432154357433
0.77,0.890625,0.59375,12.0,25
0.08300352096557617,10,1.8141775131225586,0.27157366275787354
0.92,1.0,0.8,10.0,25
0.08799910545349121,10,0.2818255126476288,0.07185032963752747
0.92,1.0,0.8,10.0,25
0.08457636833190918,10,0.05794643238186836,0.0002282849163748324
0.92,1.0,0.8,10.0,25
0.08158445358276367,10,0.00032380633638240397,3.638007547124289e-05
0.92,1.0,0.8,10.0,25
0.09200072288513184,10,0.0003055459528695792,5.441843313747086e-07
0.92,1.0,0.8,10.0,25
0.08499860763549805,10,0.0002786800323519856,3.850196662824601e-06
0.92,1.0,0.8,10.0,25
0.09127688407897949,10,7.431967969750986e-05,2.479585600667633e-05
0.9,1.0,0.75,10.0,25
0.08163809776306152,10,0.4339824318885803,0.10034333914518356
0.87,0.9821428571428571,0.6875,10.0,25
0.0859978199005127,10,0.16870062053203583,0.10772016644477844
0.86,1.0,0.65,10.0,25
0.09100079536437988,10,0.11801079660654068,0.09989719092845917
0.84,1.0,0.6,10.0,25
0.08238458633422852,10,0.13839221000671387,0.10561249405145645
0.82,1.0,0.55,10.0,25
0.08559250831604004,10,0.18327070772647858,0.13492454588413239
0.84,1.0,0.5555555555555556,9.0,25
0.09099721908569336,10,0.15306998789310455,0.1257958561182022
0.89,0.9722222222222222,0.625,7.0,25
0.08600020408630371,10,0.12166497856378555,0.07086417078971863
0.88,1.0,0.5714285714285714,7.0,25
0.08725762367248535,10,0.03332706540822983,0.00030225535738281906
0.92,1.0,0.6666666666666666,6.0,25
0.08455967903137207,10,0.0002243282797280699,1.2807166967832018e-05
0.91,0.9166666666666666,0.6875,6.0,25
0.09300017356872559,10,0.5127741694450378,0.10728294402360916
0.92,0.9,0.75,6.0,25
0.09000158309936523,10,0.15297257900238037,0.12255820631980896
0.92,0.8636363636363636,0.7916666666666666,6.0,25
0.08878207206726074,10,0.13682392239570618,0.12693588435649872
0.92,0.8333333333333334,0.8333333333333334,6.0,25
0.08200263977050781,10,0.1413063108921051,0.12494196742773056
0.92,0.8076923076923077,0.875,6.0,25
0.0890049934387207,10,0.12434148788452148,0.10477709770202637
0.92,0.7857142857142857,0.9166666666666666,6.0,25
0.08300042152404785,10,0.10310138761997223,0.08767679333686829
0.945,0.8688524590163934,0.9464285714285714,7.0,25
0.09234333038330078,10,0.16631732881069183,0.08881266415119171
0.95,0.8484848484848485,1.0,7.0,25
0.08400082588195801,10,0.05281463637948036,0.034011319279670715
0.945,0.835820895522388,1.0,7.0,25
0.08400416374206543,10,0.03347810357809067,0.015311616472899914
0.925,0.7887323943661971,1.0,7.0,25
0.09000587463378906,10,0.1595500260591507,0.08923906087875366
0.95,0.918918918918919,0.9444444444444444,9.0,25
0.08431005477905273,10,0.10046032816171646,0.100672148168087
0.935,0.8831168831168831,0.9444444444444444,9.0,25
0.08900117874145508,10,0.1176414042711258,0.11897175759077072
0.94,0.875,0.9722222222222222,9.0,25
0.08300089836120605,10,0.11518307775259018,0.11262737959623337
0.915,0.8313253012048193,0.9583333333333334,9.0,25
0.0820000171661377,10,0.12147311121225357,0.10772499442100525
0.905,0.8117647058823529,0.9583333333333334,9.0,25
0.08927154541015625,10,0.1115567684173584,0.10172537714242935
0.915,0.8160919540229885,0.9861111111111112,9.0,25
0.08500432968139648,10,0.0805945098400116,0.06417243927717209
0.915,0.8089887640449438,1.0,9.0,25
0.09100031852722168,10,0.03199253976345062,0.014533641748130322
0.92,0.8181818181818182,1.0,9.0,25
0.09100174903869629,10,0.005970425438135862,1.9180115486960858e-05
0.91,0.8068181818181818,0.9861111111111112,9.0,25
0.08551168441772461,10,0.18614326417446136,0.046942029148340225
0.91,0.8068181818181818,0.9861111111111112,9.0,25
0.08299851417541504,10,0.6990417242050171,0.16108697652816772
0.89,0.7777777777777778,0.9722222222222222,9.0,25
0.09000134468078613,10,0.32203784584999084,0.19751249253749847
0.87,0.7934782608695652,0.9125,10.0,25
0.09099912643432617,10,0.2799171805381775,0.2116604745388031
0.85,0.851063829787234,0.8333333333333334,12.0,25
0.08858299255371094,10,0.2434033900499344,0.21886716783046722
0.85,0.84375,0.84375,12.0,25
0.08299732208251953,10,0.21206486225128174,0.21021582186222076
0.89,0.8775510204081632,0.8958333333333334,12.0,25
0.09099936485290527,10,0.18903106451034546,0.1779700219631195
0.94,0.92,0.9583333333333334,12.0,25
0.08200192451477051,10,0.135609433054924,0.11409410834312439
0.96,0.9313725490196079,0.9895833333333334,12.0,25
0.08401155471801758,10,0.054278016090393066,0.04246360436081886
0.96,0.9230769230769231,1.0,12.0,25
0.0859992504119873,10,0.006615242455154657,0.0007396338041871786
0.96,0.9230769230769231,1.0,12.0,25
0.08499956130981445,10,0.00027814789791591465,0.0001403232163283974
0.96,0.9230769230769231,1.0,12.0,25
0.08999872207641602,10,0.00033212389098480344,6.510989624075592e-05
0.95,0.9215686274509803,0.9791666666666666,12.0,25
0.08299875259399414,10,0.17087917029857635,0.0395544208586216
0.96,0.94,0.9791666666666666,12.0,25
0.08800244331359863,10,0.062094010412693024,0.04346791282296181
0.955,0.9484536082474226,0.9583333333333334,12.0,25
0.08400177955627441,10,0.09264490753412247,0.0762302577495575
0.93,0.9361702127659575,0.9166666666666666,12.0,25
0.0839986801147461,10,0.10010926425457001,0.08141247928142548
0.945,0.967032967032967,0.9166666666666666,12.0,25
0.08999752998352051,10,0.0890258327126503,0.08368930965662003
0.94,0.9772727272727273,0.8958333333333334,12.0,25
0.09000658988952637,10,0.07428113371133804,0.06900861859321594
0.935,0.9882352941176471,0.875,12.0,25
0.08200383186340332,10,0.0642806738615036,0.05945488438010216
0.93,1.0,0.8541666666666666,12.0,25
0.08808040618896484,10,0.04208260402083397,0.02464579977095127
0.925,1.0,0.84375,12.0,25
0.09000110626220703,10,0.05384432151913643,0.017976313829421997
0.92,1.0,0.8333333333333334,12.0,25
0.08899641036987305,10,0.010974333621561527,0.0007065457757562399
0.91,0.975609756097561,0.8333333333333334,12.0,25
0.08300089836120605,10,0.10805545002222061,0.037341129034757614
0.92,0.9761904761904762,0.8541666666666666,12.0,25
0.08999872207641602,10,0.06654922664165497,0.05242130160331726
0.95,1.0,0.8958333333333334,12.0,25
0.09200191497802734,10,0.060975417494773865,0.053038373589515686
0.96,1.0,0.9166666666666666,12.0,25
0.08499860763549805,10,0.06552021205425262,0.057913437485694885
0.965,1.0,0.9270833333333334,12.0,25
0.08400869369506836,10,0.1577340066432953,0.07410185039043427
0.97,1.0,0.9375,12.0,25
0.08899903297424316,10,0.07914035022258759,0.0700451135635376
0.975,1.0,0.9479166666666666,12.0,25
0.08400511741638184,10,0.067899689078331,0.06062791869044304
0.98,1.0,0.9583333333333334,12.0,25
0.0899970531463623,10,0.041393741965293884,0.026722362264990807
0.975,1.0,0.9479166666666666,12.0,25
0.08699965476989746,10,0.025752833113074303,0.026024119928479195
0.97,1.0,0.9375,12.0,25
0.08199954032897949,10,0.02408536896109581,0.02508719451725483
0.965,1.0,0.9270833333333334,12.0,25
0.08300304412841797,10,0.015070821158587933,0.016377253457903862
0.96,1.0,0.9166666666666666,12.0,25
0.08700037002563477,10,0.006620490923523903,0.00038790315738879144
0.96,1.0,0.9166666666666666,12.0,25
0.08500123023986816,10,0.00023560060071758926,8.975862874649465e-05
0.96,1.0,0.9166666666666666,12.0,25
0.09099936485290527,10,9.25275671761483e-05,7.476590690203011e-05
0.96,1.0,0.9166666666666666,12.0,25
0.09154176712036133,10,5.757797043770552e-05,2.94831334031187e-05
0.96,1.0,0.9166666666666666,12.0,25
0.08200335502624512,10,0.00010508635023143142,3.6030716728419065e-05
0.96,1.0,0.9166666666666666,12.0,25
0.08300471305847168,10,1.9951583453803323e-05,3.565950464690104e-05
0.96,1.0,0.9166666666666666,12.0,25
0.0890035629272461,10,0.00010595187632134184,1.190011971630156e-05
0.96,1.0,0.9166666666666666,12.0,25
0.08858513832092285,10,3.861919685732573e-05,9.160971785604488e-06
0.96,1.0,0.9166666666666666,12.0,25
0.09000253677368164,10,1.1392166015866678e-05,1.851892375270836e-05
0.96,1.0,0.9166666666666666,12.0,25
0.08300209045410156,10,3.3829994208645076e-05,3.0831120966468006e-05
0.96,1.0,0.9166666666666666,12.0,25
0.08600449562072754,10,4.287506453692913e-05,1.8663789887796156e-05
0.96,1.0,0.9166666666666666,12.0,25
0.08156943321228027,10,7.05207057762891e-05,8.278167661046609e-05
0.96,1.0,0.9166666666666666,12.0,25
0.0859990119934082,10,0.0005432596663013101,9.415979729965329e-05
0.96,1.0,0.9166666666666666,12.0,25
0.09100675582885742,10,7.49637110857293e-05,8.356077887583524e-05
0.96,1.0,0.9166666666666666,12.0,25
0.08699846267700195,10,7.766971248202026e-05,2.5492683562333696e-05
0.96,1.0,0.9166666666666666,12.0,25
0.08557891845703125,10,2.076519376714714e-05,3.305004793219268e-05
0.96,1.0,0.9166666666666666,12.0,25
0.08999872207641602,10,4.3743901187554e-05,1.6228816093644127e-05
0.96,1.0,0.9166666666666666,12.0,25
0.08999943733215332,10,1.5749945305287838e-05,1.214728308696067e-05
0.96,1.0,0.9166666666666666,12.0,25
0.09014749526977539,10,1.8062586605083197e-05,9.572398994350806e-06
0.96,1.0,0.9166666666666666,12.0,25
0.08454465866088867,10,5.6456414313288406e-05,0.0004014057049062103
0.96,1.0,0.9166666666666666,12.0,25
0.09000253677368164,10,3.125380681012757e-05,1.683113987382967e-05
0.955,0.9887640449438202,0.9166666666666666,12.0,25
0.0839993953704834,10,0.04961463809013367,0.02833712287247181
0.97,1.0,0.9375,12.0,25
0.08934855461120605,10,0.05124538764357567,0.027351927012205124
0.945,0.967032967032967,0.9166666666666666,12.0,25
0.08100342750549316,10,0.14671702682971954,0.04766106233000755
0.98,1.0,0.9583333333333334,12.0,25
0.09000086784362793,10,0.03125010430812836,0.03274725750088692
0.985,1.0,0.96875,12.0,25
0.08512043952941895,10,0.03803391754627228,0.024713408201932907
0.99,1.0,0.9791666666666666,12.0,25
0.08930397033691406,10,0.02473844587802887,0.018291432410478592
0.995,1.0,0.9895833333333334,12.0,25
0.09299993515014648,10,0.014337497763335705,0.014183486811816692
1.0,1.0,1.0,12.0,25
0.08700037002563477,10,0.028461607173085213,0.0007185140275396407
1.0,1.0,1.0,12.0,25
0.09099936485290527,10,0.005048999097198248,0.0007571569294668734
1.0,1.0,1.0,12.0,25
0.0834646224975586,10,0.011719300411641598,0.00013761383888777345
1.0,1.0,1.0,12.0,25
0.08499860763549805,10,0.0019404665799811482,9.603030775906518e-05
1.0,1.0,1.0,12.0,25
0.08899855613708496,10,7.147061114665121e-05,7.42477277526632e-05
1.0,1.0,1.0,12.0,25
0.0858311653137207,10,1.704122951196041e-05,8.580975190852769e-06
1.0,1.0,1.0,12.0,25
0.09100151062011719,10,8.769493433646858e-06,1.0498126357560977e-05
1.0,1.0,1.0,12.0,25
0.08599972724914551,10,8.267827979580034e-06,1.4938663298380561e-05
0.83,0.8229166666666666,0.8229166666666666,12.0,25
0.0839998722076416,10,1.9032104015350342,0.13837431371212006
0.93,0.9270833333333334,0.9270833333333334,12.0,25
0.0840003490447998,10,0.15437622368335724,0.00472122710198164
1.0,1.0,1.0,12.0,25
0.08400130271911621,10,0.02139134332537651,0.0004958637291565537
1.0,1.0,1.0,12.0,25
0.08299970626831055,10,0.00036911736242473125,7.618085510330275e-05
1.0,1.0,1.0,12.0,25
0.08300280570983887,10,0.00010430270049255341,0.00013444483920466155
0.99,0.9895833333333334,0.9895833333333334,12.0,25
0.08455324172973633,10,0.04379551485180855,0.004888744093477726
1.0,1.0,1.0,12.0,25
0.09399890899658203,10,5.784495806437917e-05,4.030446507385932e-05
0.985,1.0,0.96875,12.0,25
0.08999848365783691,10,0.3561338782310486,0.06434838473796844
0.97,1.0,0.9375,12.0,25
0.08300304412841797,10,0.11117837578058243,0.07081311196088791
0.955,1.0,0.90625,12.0,25
0.08899903297424316,10,0.1072368174791336,0.09533253312110901
0.94,1.0,0.875,12.0,25
0.08400130271911621,10,0.1070667952299118,0.09675624966621399
0.925,1.0,0.84375,12.0,25
0.08399629592895508,10,0.08260420709848404,0.07551264017820358
0.91,1.0,0.8125,12.0,25
0.08500170707702637,10,0.07170429825782776,0.0663619115948677
0.895,1.0,0.78125,12.0,25
0.0839991569519043,10,0.05011216178536415,0.048718083649873734
0.88,1.0,0.75,12.0,25
0.09230756759643555,10,0.013753151521086693,0.0008998939883895218
0.88,1.0,0.75,12.0,25
0.08699965476989746,10,0.0018121862085536122,0.0001671381905907765
0.88,1.0,0.75,12.0,25
0.08299684524536133,10,0.005991974379867315,0.0004929709248244762
0.88,1.0,0.75,12.0,25
0.08999776840209961,10,0.0004896405735053122,6.200143252499402e-05
0.88,1.0,0.75,12.0,25
0.08999943733215332,10,7.166629075072706e-05,5.466311995405704e-05
0.88,1.0,0.75,12.0,25
0.08200216293334961,10,5.734602746088058e-05,2.496214619895909e-05
0.88,1.0,0.75,12.0,25
0.08900594711303711,10,0.019203290343284607,0.0005364911630749702
0.88,1.0,0.75,12.0,25
0.08900022506713867,10,0.0007867507520131767,7.937677764857654e-06
0.88,1.0,0.75,12.0,25
0.08300065994262695,10,4.396288204588927e-06,2.3517010049545206e-05
0.87,0.972972972972973,0.75,12.0,25
0.08100128173828125,10,0.24157243967056274,0.03608407452702522
0.9,1.0,0.7916666666666666,12.0,25
0.08800172805786133,10,0.059193361550569534,0.05517149344086647
0.91,1.0,0.8125,12.0,25
0.0819997787475586,10,0.06646841764450073,0.05655045062303543
0.92,1.0,0.8333333333333334,12.0,25
0.08458900451660156,10,0.06453252583742142,0.05804211273789406
0.93,1.0,0.8541666666666666,12.0,25
0.09199762344360352,10,0.054794516414403915,0.04982616752386093
0.94,1.0,0.875,12.0,25
0.08900165557861328,10,0.0701611191034317,0.04733206704258919
0.95,1.0,0.8958333333333334,12.0,25
0.08400249481201172,10,0.03924054652452469,0.037654779851436615
0.96,1.0,0.9166666666666666,12.0,25
0.08659672737121582,10,0.009317675605416298,0.0007455316372215748
0.96,1.0,0.9166666666666666,12.0,25
0.08999991416931152,10,0.0031865418422967196,0.0002167981438105926
0.96,1.0,0.9166666666666666,12.0,25
0.08300328254699707,10,0.0001987742871278897,6.433608359657228e-05
0.96,1.0,0.9166666666666666,12.0,25
0.08699727058410645,10,7.801347965141758e-05,1.9406254068599083e-05
0.945,1.0,0.8854166666666666,12.0,25
0.08456301689147949,10,0.48386725783348083,0.055922020226716995
0.93,1.0,0.8541666666666666,12.0,25
0.09100031852722168,10,0.10125769674777985,0.08518662303686142
0.915,1.0,0.8229166666666666,12.0,25
0.08500051498413086,10,0.10510074347257614,0.08222563564777374
0.9,1.0,0.7916666666666666,12.0,25
0.08845949172973633,10,0.10230179131031036,0.08134385943412781
0.885,1.0,0.7604166666666666,12.0,25
0.09000039100646973,10,0.09482894837856293,0.09084131568670273
0.88,1.0,0.75,12.0,25
0.09558677673339844,10,0.08826398104429245,0.07653895020484924
0.875,1.0,0.7395833333333334,12.0,25
0.0910024642944336,10,0.08039180934429169,0.07086370140314102
0.87,1.0,0.7291666666666666,12.0,25
0.0854651927947998,10,0.05320097506046295,0.05435134470462799
0.88,1.0,0.75,12.0,25
0.08900094032287598,10,0.06317289173603058,0.056366465985774994
0.89,1.0,0.7708333333333334,12.0,25
0.08300089836120605,10,0.05286484584212303,0.050158582627773285
0.9,1.0,0.7916666666666666,12.0,25
0.0820000171661377,10,0.05156109854578972,0.043940797448158264
0.91,1.0,0.8125,12.0,25
0.08311748504638672,10,0.035927046090364456,0.03324632719159126
0.92,1.0,0.8333333333333334,12.0,25
0.08600163459777832,10,0.012799238786101341,0.0009849430061876774
0.91,1.0,0.8125,12.0,25
0.09000039100646973,10,0.21284756064414978,0.03452933207154274
0.91,1.0,0.8125,12.0,25
0.08500146865844727,10,0.06727393716573715,0.054748110473155975
0.91,1.0,0.8125,12.0,25
0.09053874015808105,10,0.06965756416320801,0.06637687981128693
0.91,1.0,0.8125,12.0,25
0.0820016860961914,10,0.07531638443470001,0.06305748969316483
0.91,1.0,0.8125,12.0,25
0.08500075340270996,10,0.07221449911594391,0.061519742012023926
0.91,1.0,0.8125,12.0,25
0.09199857711791992,10,0.08184128999710083,0.0577823780477047
0.91,1.0,0.8125,12.0,25
0.0840001106262207,10,0.08386822789907455,0.05801570415496826
0.895,0.9629629629629629,0.8125,12.0,25
0.0879981517791748,10,0.23834683001041412,0.09585056453943253
0.905,0.9529411764705882,0.84375,12.0,25
0.08899736404418945,10,0.14706671237945557,0.10477914661169052
0.915,0.9540229885057471,0.8645833333333334,12.0,25
0.0859990119934082,10,0.1658836156129837,0.08346986770629883
0.925,0.9550561797752809,0.8854166666666666,12.0,25
0.08600473403930664,10,0.1678387075662613,0.09539635479450226
0.935,0.9560439560439561,0.90625,12.0,25
0.0859992504119873,10,0.1669982671737671,0.10415574163198471
0.945,0.956989247311828,0.9270833333333334,12.0,25
0.08699941635131836,10,0.116742804646492,0.11215760558843613
0.915,0.9247311827956989,0.8958333333333334,12.0,25
0.0820009708404541,10,0.15409670770168304,0.1174176037311554
0.955,0.967741935483871,0.9375,12.0,25
0.08899927139282227,10,0.12515492737293243,0.07227613776922226
0.96,0.9782608695652174,0.9375,12.0,25
0.0859978199005127,10,0.12445249408483505,0.07693066447973251
0.79,0.7934782608695652,0.7604166666666666,12.0,25
0.08299994468688965,10,0.5198582410812378,0.1789611577987671
0.87,0.967391304347826,0.7946428571428571,14.0,25
0.09099912643432617,10,0.1912502497434616,0.13059109449386597
0.9,1.0,0.8214285714285714,14.0,25
0.09000253677368164,10,0.10519731789827347,0.13215573132038116
0.9,1.0,0.8214285714285714,14.0,25
0.0820009708404541,10,0.10969532281160355,0.10346422344446182
0.9,1.0,0.8214285714285714,14.0,25
0.08899950981140137,10,0.06328646093606949,0.044351521879434586
0.91,1.0,0.8392857142857143,14.0,25
0.08300495147705078,10,0.05797341465950012,0.04052428901195526
0.92,1.0,0.8571428571428571,14.0,25
0.09062838554382324,10,0.12902362644672394,0.009337018243968487
0.92,1.0,0.8571428571428571,14.0,25
0.08799958229064941,10,0.007460176479071379,0.0005264971987344325
0.91,1.0,0.8392857142857143,14.0,25
0.08899950981140137,10,0.2555813193321228,0.04290395230054855
0.9,1.0,0.8214285714285714,14.0,25
0.08899784088134766,10,0.0841197744011879,0.05065286532044411
0.89,1.0,0.8035714285714286,14.0,25
0.08606863021850586,10,0.06009048596024513,0.05923627316951752
0.88,1.0,0.7857142857142857,14.0,25
0.08899879455566406,10,0.05569899454712868,0.05609871819615364
0.87,1.0,0.7678571428571429,14.0,25
0.0840001106262207,10,0.051582880318164825,0.05078182741999626
0.86,1.0,0.75,14.0,25
0.0879981517791748,10,0.05102117359638214,0.04559222236275673
0.85,1.0,0.7321428571428571,14.0,25
0.08459973335266113,10,0.03765766695141792,0.03606598079204559
0.84,1.0,0.7142857142857143,14.0,25
0.08899950981140137,10,0.011233891360461712,0.001396516221575439
0.84,1.0,0.7142857142857143,14.0,25
0.08400368690490723,10,0.0012394164223223925,0.00013719842536374927
0.84,1.0,0.7142857142857143,14.0,25
0.0839986801147461,10,0.00018894618551712483,5.623790275421925e-05
0.84,1.0,0.7142857142857143,14.0,25
0.08559536933898926,10,8.339869964402169e-05,2.9872371669625863e-05
0.84,1.0,0.7142857142857143,14.0,25
0.08999848365783691,10,4.07163861382287e-05,2.6880799850914627e-05
0.84,1.0,0.7142857142857143,14.0,25
0.08482050895690918,10,1.6015395885915495e-05,2.7403177227824926e-05
0.84,1.0,0.7142857142857143,14.0,25
0.08299899101257324,10,1.4092706805968191e-05,1.0806170394062065e-05
0.84,1.0,0.7142857142857143,14.0,25
0.0829916000366211,10,7.167733656388009e-06,1.347685611108318e-05
0.84,1.0,0.7142857142857143,14.0,25
0.09000301361083984,10,9.007938388094772e-06,1.3344380022317637e-05
0.84,1.0,0.7142857142857143,14.0,25
0.08500075340270996,10,1.1062834346375894e-05,7.400672075164039e-06
0.84,1.0,0.7142857142857143,14.0,25
0.08245372772216797,10,1.0857486813620199e-05,6.714318715239642e-06
0.84,1.0,0.7142857142857143,14.0,25
0.08999967575073242,10,0.00010152514005312696,2.7595593564910814e-05
0.84,1.0,0.7142857142857143,14.0,25
0.08800315856933594,10,0.00025232232292182744,1.8173432181356475e-05
0.83,1.0,0.6964285714285714,14.0,25
0.09099650382995605,10,0.3369903862476349,0.06886336952447891
0.82,1.0,0.6785714285714286,14.0,25
0.08272886276245117,10,0.10402785241603851,0.06037655845284462
0.81,1.0,0.6607142857142857,14.0,25
0.08300375938415527,10,0.06859766691923141,0.055121228098869324
0.79,0.9861111111111112,0.6339285714285714,14.0,25
0.09000253677368164,10,0.3813922107219696,0.06975319981575012
0.79,1.0,0.625,14.0,25
0.08300042152404785,10,0.08859420567750931,0.05555961653590202
0.78,1.0,0.6071428571428571,14.0,25
0.08985447883605957,10,0.05629477649927139,0.05053070932626724
0.77,1.0,0.5892857142857143,14.0,25
0.08900046348571777,10,0.037451211363077164,0.03026294708251953
0.84,1.0,0.6666666666666666,12.0,25
0.08199906349182129,10,0.006823078263550997,0.0007162236142903566
0.85,1.0,0.6875,12.0,25
0.08899831771850586,10,0.075151726603508,0.03485339507460594
0.86,1.0,0.7083333333333334,12.0,25
0.09099721908569336,10,0.04244934022426605,0.04919975623488426
0.87,1.0,0.7291666666666666,12.0,25
0.08500361442565918,10,0.05824027955532074,0.0555848702788353
0.88,1.0,0.75,12.0,25
0.08300232887268066,10,0.05747365951538086,0.05422871932387352
0.89,1.0,0.7708333333333334,12.0,25
0.08999991416931152,10,0.06692566722631454,0.049377527087926865
0.9,1.0,0.7916666666666666,12.0,25
0.09100103378295898,10,0.08575579524040222,0.03229416906833649
0.91,1.0,0.8125,12.0,25
0.08699965476989746,10,0.10341290384531021,0.039145030081272125
0.84,0.9,0.75,12.0,25
0.0820004940032959,10,0.6794310212135315,0.2912873923778534
0.47,0.4375,0.3645833333333333,12.0,25
0.08299970626831055,10,0.866392970085144,0.6964110732078552
0.54,0.6282051282051282,0.4375,14.0,25
0.09100198745727539,10,0.6646502017974854,0.6639249920845032
0.49,0.618421052631579,0.39166666666666666,15.0,25
0.08800053596496582,10,0.6746203899383545,0.6677869558334351
0.46,0.6891891891891891,0.375,17.0,25
0.08800172805786133,10,0.6607803106307983,0.659217894077301
0.43,0.7027027027027027,0.3611111111111111,18.0,25
0.08700037002563477,10,0.6620423793792725,0.6646055579185486
0.42,0.7894736842105263,0.375,20.0,25
0.08500027656555176,10,0.6638830304145813,0.6633508205413818
0.44,0.868421052631579,0.39285714285714285,21.0,25
0.08900046348571777,10,0.6586969494819641,0.6632844805717468
0.56,0.9736842105263158,0.4625,20.0,25
0.0840003490447998,10,0.6697860956192017,0.48101142048835754
0.62,0.9358974358974359,0.5069444444444444,18.0,25
0.0819997787475586,10,0.6865741014480591,0.298149436712265
0.73,1.0,0.6029411764705882,17.0,25
0.09100127220153809,10,0.2978876233100891,0.13571308553218842
0.75,1.0,0.6323529411764706,17.0,25
0.08500003814697266,10,0.12387346476316452,0.10135869681835175
0.77,1.0,0.6617647058823529,17.0,25
0.08800482749938965,10,0.09357144683599472,0.07546032965183258
0.78,1.0,0.6764705882352942,17.0,25
0.08600091934204102,10,0.06124440208077431,0.04325538128614426
0.78,1.0,0.6764705882352942,17.0,25
0.08699893951416016,10,0.051375821232795715,0.046148110181093216
0.79,1.0,0.6911764705882353,17.0,25
0.08499860763549805,10,0.03385278582572937,0.03973514214158058
0.8,1.0,0.7058823529411765,17.0,25
0.08299946784973145,10,0.009305130690336227,0.0005560097051784396
0.8,0.9897959183673469,0.7132352941176471,17.0,25
0.08400511741638184,10,0.15189018845558167,0.07425691187381744
0.82,1.0,0.7352941176470589,17.0,25
0.0859992504119873,10,0.05679534748196602,0.04617806896567345
0.83,1.0,0.75,17.0,25
0.08300137519836426,10,0.05260542035102844,0.055049702525138855
0.84,1.0,0.7647058823529411,17.0,25
0.08300662040710449,10,0.06670092791318893,0.055914945900440216
0.85,1.0,0.7794117647058824,17.0,25
0.09099817276000977,10,0.05461149662733078,0.05385879427194595
0.86,1.0,0.7941176470588235,17.0,25
0.08299994468688965,10,0.054413262754678726,0.04155983775854111
0.87,1.0,0.8088235294117647,17.0,25
0.09100222587585449,10,0.030790984630584717,0.027124585583806038
